{"frames":{"ship-sailing0.png":{"frame":{"x":0,"y":0,"w":2000,"h":2000},"rotated":false,"trimmed":false,"spriteSourceSize":{"x":0,"y":0,"w":2000,"h":2000},"sourceSize":{"w":2000,"h":2000}},"ship-sailing1.png":{"frame":{"x":2000,"y":0,"w":2000,"h":2000},"rotated":false,"trimmed":false,"spriteSourceSize":{"x":0,"y":0,"w":2000,"h":2000},"sourceSize":{"w":2000,"h":2000}},"ship-sailing2.png":{"frame":{"x":0,"y":2000,"w":2000,"h":2000},"rotated":false,"trimmed":false,"spriteSourceSize":{"x":0,"y":0,"w":2000,"h":2000},"sourceSize":{"w":2000,"h":2000}},"ship-sailing3.png":{"frame":{"x":2000,"y":2000,"w":2000,"h":2000},"rotated":false,"trimmed":false,"spriteSourceSize":{"x":0,"y":0,"w":2000,"h":2000},"sourceSize":{"w":2000,"h":2000}}},"meta":{"app":"https://github.com/piskelapp/piskel/","version":"1.0","image":"ship-sailing.png","format":"RGBA8888","size":{"w":4000,"h":4000}}}